{"cameraMode":{"drawMode":0,"name":"Shaded","section":"Shading Mode"},"sceneLighting":true,"audioPlay":false,"sceneViewState":{"m_AlwaysRefresh":false,"showFog":true,"showSkybox":true,"showFlares":true,"showImageEffects":true,"showParticleSystems":true,"showVisualEffectGraphs":true,"m_FxEnabled":true},"in2DMode":false,"pivot":{"x":0.17490355670452119,"y":4.732757568359375,"z":0.038908082991838458},"rotation":{"x":0.6461691856384277,"y":0.02174176275730133,"z":-0.018420809879899026,"w":0.7626621723175049},"size":0.1090501993894577,"orthographic":false}