{"cameraMode":{"drawMode":0,"name":"Shaded","section":"Shading Mode"},"sceneLighting":true,"audioPlay":false,"sceneViewState":{"m_AlwaysRefresh":false,"showFog":true,"showSkybox":true,"showFlares":true,"showImageEffects":true,"showParticleSystems":true,"showVisualEffectGraphs":true,"m_FxEnabled":true},"in2DMode":false,"pivot":{"x":537.8424682617188,"y":343.6739196777344,"z":47.840274810791019},"rotation":{"x":-0.013189248740673066,"y":-0.010503336787223816,"z":-0.00013839337043464184,"w":0.9998577237129211},"size":280.9029541015625,"orthographic":true}