{"cameraMode":{"drawMode":0,"name":"Shaded","section":"Shading Mode"},"sceneLighting":false,"audioPlay":false,"sceneViewState":{"m_AlwaysRefresh":false,"showFog":true,"showSkybox":false,"showFlares":true,"showImageEffects":true,"showParticleSystems":true,"showVisualEffectGraphs":true,"m_FxEnabled":true},"in2DMode":false,"pivot":{"x":-3.799999952316284,"y":0.004999999888241291,"z":-0.6700000166893005},"rotation":{"x":-0.34879541397094729,"y":0.06935396790504456,"z":-0.025892263278365136,"w":-0.9342709183692932},"size":0.8602471947669983,"orthographic":false}